sn,phase,peak
0,1265,206,
1,1777,253,
2,1827,-512,
3,1902,-327,
4,1944,-288,
5,57,-231,
6,203,-257,
7,306,-205,
8,346,202,
9,393,212,
10,443,243,
11,494,-249,
12,548,-308,
13,586,-267,
14,746,-512,
15,861,482
16,902,-512
17,953,-512
18,990,-230
19,1027,-222
20,1067,251
21,1101,-221
22,1134,-212
23,1169,-232
24,1203,245
25,1283,-207
26,1331,220
27,1367,333
28,1401,-304
29,1438,-512
30,1487,-512
31,1529,264
32,1563,-281
33,1597,-306
34,1631,-512
35,1678,-512
36,1715,-512
37,1774,-512
38,1818,296
39,1852,-512
40,1901,-253
41,1937,-269
42,18,-272
43,53,257
44,100,-261
45,135,211
46,170,208
47,203,281
48,239,213
49,283,231
50,313,-210
51,353,235
52,391,-243
53,425,-268
54,470,244
55,504,206
56,537,-206
57,571,-280
58,604,361
59,642,-402
60,674,-311
61,708,-257
62,741,-512
63,790,-512
64,838,-261
65,872,215
66,905,353
67,952,277
68,993,-218
69,1040,-248
70,1084,-233
71,1124,216
72,1179,-229
73,1226,214
74,1256,232
75,1312,-234
76,1348,-251
77,1429,-327
78,1533,-512
79,1617,-512
80,1664,-512
81,1721,-512
82,1757,464
83,1809,-264
84,1837,294
85,1879,-512
86,1927,-512
87,38,203
88,123,260
89,179,218
90,196,206
91,221,253
92,238,295
93,255,241
94,271,224
95,287,212
96,303,-229
97,319,204
98,336,203
99,354,223
100,368,-205
101,384,-318
102,399,-356
103,414,-402
104,430,294
105,448,504
106,464,-331
107,478,400
108,493,273
109,508,-366
110,523,276
111,538,-232
112,553,213
113,568,315
114,586,-315
115,599,-358
116,613,-383
117,629,-207
118,645,208
119,660,-299
120,675,326
121,690,-232
122,705,-205
123,721,367
124,736,-512
125,758,288
126,774,-512
127,800,282
128,817,-340
129,834,-512
130,858,334
131,874,-512
132,893,-277
133,911,306
134,927,333
135,945,311
136,962,-512
137,987,-202
138,1002,259
139,1021,-207
140,1037,204
141,1051,216
142,1072,237
143,1091,236
144,1106,278
145,1124,-202
146,1136,-205
147,1154,-214
148,1166,226
149,1183,-216
150,1198,323
151,1215,-209
152,1231,215
153,1247,224
154,1262,268
155,1281,245
156,1297,-214
157,1318,206
158,1339,-212
159,1356,-234
160,1371,268
161,1387,250
162,1403,-296
163,1419,-512
164,1439,-280
165,1457,-512
166,1481,-512
167,1507,-512
168,1531,-512
169,1555,-263
170,1571,-512
171,1599,-512
172,1617,-263
173,1635,-454
174,1652,-231
175,1670,-512
176,1692,276
177,1710,-512
178,1733,-512
179,1756,-512
180,1794,-512
181,1826,-512
182,1856,-332
183,1880,373
184,1903,-286
185,1924,-512
186,12,-222
187,29,-210
188,51,257
189,71,212
190,110,-224
191,141,-214
192,181,224
193,273,-215
194,316,-216
195,374,213
196,415,-325
197,476,-385
198,508,-282
199,541,-227
200,563,293
201,622,204
202,723,-512
203,748,-232
204,772,-512
205,792,-512
206,815,-242
207,839,309
208,852,-512
209,875,-512
210,895,-512
211,919,-512
212,938,-433
213,956,-512
214,981,289
215,998,-232
216,1017,-296
217,1037,202
218,1058,208
219,1077,242
220,1098,-253
221,1114,-244
222,1131,-226
223,1148,-209
224,1166,216
225,1184,243
226,1202,203
227,1221,312
228,1238,222
229,1256,261
230,1274,203
231,1297,217
232,1314,249
233,1337,-259
234,1355,222
235,1371,219
236,1389,246
237,1406,-204
238,1429,-280
239,1441,-512
240,1466,-512
241,1492,-512
242,1510,-512
243,1534,-512
244,1553,-254
245,1570,255
246,1588,-264
247,1606,-512
248,1629,220
249,1647,-370
250,1663,-249
251,1681,-512
252,1705,-512
253,1729,469
254,1745,-238
255,1766,-512
256,1785,-512
257,1810,375
258,1828,443
259,1845,-512
260,1868,-512
261,1893,-512
262,1917,-512
263,1940,-232
264,3,287
265,21,-313
266,38,259
267,56,237
268,73,286
269,100,-269
270,116,-231
271,135,-207
272,156,-300
273,169,240
274,186,213
275,203,213
276,220,212
277,237,-299
278,255,506
279,272,216
280,289,-211
281,307,-201
282,325,234
283,345,239
284,362,219
285,384,-205
286,403,-217
287,440,268
288,474,330
289,501,-271
290,524,-314
291,546,296
292,563,-223
293,581,-512
294,604,251
295,623,215
296,641,235
297,662,-276
298,675,-210
299,693,-245
300,709,-408
301,727,224
302,751,272
303,764,-277
304,782,1536
305,806,-512
306,834,291
307,852,-358
308,873,-339
309,886,-512
310,910,210
311,928,-512
312,955,-512
313,978,255
314,991,253
315,1010,216
316,1032,-232
317,1050,257
318,1077,-209
319,1098,286
320,1112,218
321,1132,235
322,1149,217
323,1167,-232
324,1191,287
325,1221,234
326,1242,-247
327,1267,208
328,1292,-211
329,1318,-203
330,1343,-238
331,1377,264
332,1402,-299
333,1430,-253
334,1464,278
335,1504,-512
336,1629,-512
337,1678,204
338,1713,-512
339,1747,303
340,1849,-299
341,1921,285
342,1946,-251
343,16,229
344,30,201
345,50,-236
346,66,234
347,86,225
348,101,-216
349,117,202
350,136,-219
351,146,279
352,167,209
353,178,215
354,192,260
355,216,218
356,232,223
357,246,-203
358,263,265
359,279,296
360,296,238
361,313,204
362,331,-257
363,348,261
364,364,-212
365,380,235
366,394,-234
367,410,509
368,425,-392
369,440,-444
370,455,-499
371,471,290
372,486,-337
373,502,-291
374,515,-227
375,533,-303
376,546,-368
377,563,206
378,576,262
379,592,-259
380,606,358
381,622,-216
382,638,285
383,653,-310
384,668,-207
385,683,-342
386,700,-277
387,713,-243
388,730,279
389,743,-512
390,761,-512
391,775,327
392,790,363
393,806,480
394,821,-512
395,844,-311
396,857,313
397,875,-512
398,902,285
399,915,230
400,930,-395
401,946,-254
402,960,-333
403,975,231
404,991,211
405,1015,289
406,1032,211
407,1047,234
408,1066,210
409,1083,-262
410,1098,-220
411,1114,279
412,1131,-217
413,1146,279
414,1161,221
415,1178,236
416,1192,-226
417,1207,229
418,1222,-205
419,1240,274
420,1254,204
421,1269,228
422,1284,229
423,1300,216
424,1315,201
425,1331,267
426,1346,-229
427,1363,-208
428,1381,312
429,1396,-274
430,1420,-241
431,1439,240
432,1452,-512
433,1468,266
434,1483,-269
435,1499,-512
436,1514,224
437,1530,-512
438,1548,-512
439,1563,218
440,1578,-249
441,1593,-512
442,1611,-379
443,1627,-512
444,1642,-512
445,1660,-230
446,1673,218
447,1688,-283
448,1703,426
449,1720,423
450,1733,-512
451,1750,-312
452,1765,296
453,1780,-512
454,1797,-512
455,1812,-512
456,1828,-512
457,1844,-512
458,1859,-512
459,1876,446
460,1891,372
461,1918,-372
462,1947,-291
463,9,241
464,30,-273
465,51,247
466,81,320
467,107,236
468,124,265
469,158,208
470,177,237
471,196,-237
472,222,270
473,255,-512
474,292,232
475,390,-331
476,454,223
477,497,409
478,518,206
479,626,239
480,693,249
481,715,396
482,733,-512
483,759,321
484,776,-376
485,793,272
486,810,-512
487,835,-512
488,858,-286
489,874,455
490,889,281
491,905,-512
492,921,-469
493,937,-512
494,953,-318
495,968,-296
496,984,-205
497,999,266
498,1014,222
499,1040,-203
500,1057,221
501,1073,209
502,1093,-208
503,1105,224
504,1120,221
505,1136,223
506,1155,220
507,1167,-221
508,1182,-221
509,1198,237
510,1215,227
511,1231,216
512,1247,296
513,1261,202
514,1280,212
515,1298,206
516,1311,246
517,1328,231
518,1345,251
519,1360,210
520,1376,-260
521,1390,231
522,1408,-293
523,1423,-512
524,1437,-512
525,1453,237
526,1478,-333
527,1507,357
528,1532,-297
529,1555,-512
530,1576,-235
531,1601,-512
532,1616,-512
533,1635,-205
534,1648,436
535,1665,-512
536,1678,-238
537,1694,-208
538,1708,421
539,1724,-512
540,1740,-257
541,1755,-387
542,1770,-380
543,1786,-295
544,1806,331
545,1819,377
546,1836,-366
547,1849,-512
548,1865,297
549,1881,277
550,1896,249
551,1913,-243
552,1926,-302
553,1943,-410
554,3,227
555,19,-266
556,35,212
557,52,-218
558,68,264
559,90,-235
560,106,244
561,121,253
562,137,-242
563,152,-243
564,167,223
565,185,231
566,199,-216
567,216,263
568,230,305
569,246,223
570,261,263
571,279,-208
572,293,226
573,309,212
574,323,-213
575,340,240
576,355,-278
577,373,251
578,390,-259
579,403,223
580,417,482
581,432,-257
582,447,300
583,467,211
584,483,-366
585,499,319
586,524,205
587,538,-367
588,553,-217
589,568,282
590,583,-427
591,600,-316
592,618,233
593,632,-363
594,647,-296
595,664,263
596,679,-221
597,696,225
598,709,-512
599,724,221
600,742,248
601,757,-512
602,774,-512
603,789,-303
604,806,-309
605,820,-512
606,839,-512
607,853,261
608,867,-512
609,883,-512
610,899,-512
611,915,-512
612,931,-512
613,945,-332
614,961,-512
615,978,-270
616,992,-247
617,1015,-229
618,1029,-214
619,1044,255
620,1067,224
621,1081,-229
622,1098,232
623,1111,231
624,1129,216
625,1142,-292
626,1157,208
627,1174,229
628,1200,-219
629,1228,247
630,1243,-211
631,1264,211
632,1287,228
633,1310,239
634,1334,242
635,1356,213
636,1393,-230
637,1419,-512
638,1452,314
639,1484,-512
640,1523,-512
641,1647,262
642,1687,-512
643,1725,310
644,1747,357
645,1859,-512
646,1936,349
647,4,217
648,23,279
649,42,223
650,59,-218
651,81,-204
652,98,-252
653,116,-237
654,133,262
655,151,216
656,168,225
657,187,-219
658,204,-258
659,223,225
660,244,-208
661,261,-207
662,280,-207
663,301,215
664,315,223
665,333,211
666,352,238
667,370,253
668,388,-232
669,404,-215
670,423,-262
671,444,219
672,458,299
673,475,-239
674,493,262
675,509,349
676,527,-394
677,544,368
678,560,-202
679,582,-392
680,595,292
681,613,-358
682,630,-294
683,648,-262
684,670,-213
685,684,-313
686,700,-512
687,734,-266
688,749,-235
689,765,-512
690,782,-336
691,800,-512
692,824,-412
693,840,-512
694,857,-512
695,872,-308
696,887,-512
697,904,-265
698,921,-261
699,935,320
700,951,-512
701,965,254
702,981,322
703,996,208
704,1015,-233
705,1028,231
706,1044,260
707,1062,-237
708,1077,243
709,1092,279
710,1107,-241
711,1125,265
712,1137,223
713,1153,-225
714,1169,217
715,1184,229
716,1200,-216
717,1216,244
718,1231,264
719,1247,272
720,1263,-202
721,1280,221
722,1295,-259
723,1312,211
724,1327,-205
725,1346,211
726,1358,243
727,1373,348
728,1388,234
729,1406,270
730,1420,325
731,1435,-247
732,1450,-512
733,1468,-512
734,1484,257
735,1502,-264
736,1525,203
737,1541,-512
738,1556,-512
739,1572,263
740,1588,-512
741,1603,377
742,1620,208
743,1641,-225
744,1659,-512
745,1675,-296
746,1692,396
747,1705,-512
748,1723,-512
749,1737,-512
750,1753,-512
751,1771,-512
752,1785,-512
753,1803,446
754,1818,239
755,1834,233
756,1849,-512
757,1866,-512
758,1883,-512
759,1899,-512
760,1915,-512
761,1930,-243
762,1947,299
763,8,229
764,23,230
765,39,245
766,56,246
767,79,-211
768,97,238
769,116,-217
770,131,228
771,146,210
772,161,232
773,176,264
774,192,207
775,217,208
776,245,253
777,265,-201
778,287,-204
779,309,210
780,330,-225
781,355,237
782,367,-232
783,402,-278
784,429,-210
785,449,-226
786,472,-265
787,503,278
788,530,277
789,556,232
790,686,291
791,767,-512
792,834,299
793,867,390
794,958,-245
795,1029,253
796,1059,280
797,1077,239
798,1095,-241
799,1118,258
800,1132,-236
801,1149,-210
802,1167,212
803,1184,213
804,1212,-202
805,1223,-269
806,1242,-219
807,1258,231
808,1279,253
809,1296,208
810,1316,203
811,1334,-241
812,1354,227
813,1371,-246
814,1388,-246
815,1406,226
816,1429,-254
817,1442,-219
818,1459,-512
819,1490,246
820,1503,-239
821,1518,-512
822,1534,-512
823,1550,-512
824,1565,-337
825,1580,-224
826,1596,-512
827,1612,272
828,1629,-335
829,1643,466
830,1658,-512
831,1674,-512
832,1690,-281
833,1705,273
834,1720,-339
835,1735,357
836,1750,246
837,1765,336
838,1780,228
839,1796,-512
840,1811,287
841,1828,309
842,1842,-300
843,1857,283
844,1872,-512
845,1888,-512
846,1904,-512
847,1922,-327
848,1937,-512
849,1952,234
850,16,-265
851,34,204
852,49,-219
853,64,231
854,82,252
855,97,-234
856,113,222
857,128,211
858,145,215
859,160,-204
860,174,208
861,189,-218
862,204,341
863,222,254
864,236,255
865,252,217
866,268,254
867,283,217
868,298,201
869,318,223
870,332,-241
871,347,223
872,364,210
873,382,-247
874,398,232
875,412,249
876,429,-345
877,444,-233
878,460,-305
879,477,295
880,490,312
881,505,-208
882,520,212
883,539,-454
884,555,-238
885,572,-331
886,595,232
887,610,248
888,630,231
889,646,-309
890,662,-280
891,677,205
892,692,-279
893,707,314
894,725,250
895,739,-512
896,756,295
897,771,338
898,787,-512
899,802,-512
900,819,-242
901,834,-512
902,849,-378
903,864,306
904,879,-512
905,895,-512
906,912,-512
907,927,219
908,942,288
909,957,-512
910,973,-235
911,990,-243
912,1007,-234
913,1019,221
914,1036,245
915,1051,211
916,1069,-228
917,1086,215
918,1100,-222
919,1117,218
920,1133,254
921,1149,226
922,1165,-236
923,1183,-227
924,1195,-307
925,1215,210
926,1232,-512
927,1248,209
928,1268,204
929,1295,226
930,1319,-313
931,1338,-205
932,1360,-217
933,1382,298
934,1406,288
935,1426,240
936,1458,-512
937,1490,-512
938,1512,261
939,1536,-275
940,1563,-512
941,1605,294
942,1673,-512
943,1764,-512
944,1811,-243
945,1839,-331
946,1925,-512
947,74,218
948,107,217
949,120,-263
950,138,231
951,156,224
952,173,-223
953,194,277
954,207,-201
955,224,204
956,246,-203
957,266,227
958,284,-221
959,304,236
960,334,-278
961,343,224
962,361,-218
963,379,274
964,396,250
965,413,-357
966,430,232
967,449,-477
968,469,233
969,484,-392
970,501,371
971,518,424
972,535,-297
973,553,225
974,570,223
975,587,241
976,604,-213
977,623,309
978,641,-419
979,659,-315
980,675,285
981,697,-512
982,717,-512
983,742,-257
984,759,-512
985,784,-512
986,798,358
987,814,254
988,829,-257
989,845,391
990,860,-512
991,877,-512
992,894,-512
993,908,1536
994,925,248
995,946,-512
996,969,258
997,990,-211
998,1004,-241
999,1025,203
1000,1042,-221
1001,1062,216
1002,1079,279
1003,1101,-224
1004,1113,218
1005,1133,235
1006,1151,203
1007,1169,210
1008,1186,257
1009,1209,218
1010,1222,302
1011,1242,207
1012,1256,-209
1013,1273,-207
1014,1297,-217
1015,1306,214
1016,1326,-277
1017,1348,234
1018,1360,271
1019,1382,-204
1020,1394,-273
1021,1413,-280
1022,1430,-223
1023,1447,-512
1024,1471,-512
1025,1498,-512
1026,1517,-472
1027,1549,-313
1028,1563,-512
1029,1596,-294
1030,1613,-512
1031,1638,237
1032,1660,-203
1033,1673,-220
1034,1698,224
1035,1728,-512
1036,1764,-512
1037,1796,339
1038,1820,-512
1039,1847,250
1040,1864,-512
1041,1889,328
1042,1906,-312
1043,1924,-512
1044,1950,298
1045,13,301
1046,30,245
1047,48,201
1048,64,267
1049,89,207
1050,106,-213
1051,125,-205
1052,146,-224
1053,162,-222
1054,179,220
1055,197,205
1056,214,201
1057,233,218
1058,252,205
1059,272,-237
1060,307,-230
1061,323,209
1062,344,249
1063,366,221
1064,384,-229
1065,405,-318
1066,430,-285
1067,452,-349
1068,486,-254
1069,516,-226
1070,538,384
1071,572,-344
1072,604,-399
1073,696,281
1074,783,-324
1075,832,-512
1076,879,-512
1077,930,-294
1078,966,-512
1079,1001,-215
1080,1047,-254
1081,1099,218
1082,1217,203
1083,1243,235
1084,1274,215
1085,1293,-217
1086,1310,216
1087,1328,241
1088,1346,203
1089,1363,263
1090,1380,-284
1091,1397,-267
1092,1416,275
1093,1434,271
1094,1451,218
1095,1469,-259
1096,1486,307
1097,1504,-512
1098,1529,-512
1099,1555,-512
1100,1571,-512
1101,1588,-228
1102,1601,245
1103,1617,466
1104,1632,-512
1105,1648,-512
1106,1665,-264
1107,1678,-512
1108,1696,-341
1109,1709,488
1110,1724,-512
1111,1739,-257
1112,1754,-452
1113,1769,-512
1114,1784,-512
1115,1801,-512
1116,1817,-512
1117,1835,-512
1118,1850,-512
1119,1866,-512
1120,1881,-512
1121,1898,-323
1122,1913,-512
1123,1928,-512
1124,1944,297
1125,6,-253
1126,27,234
1127,41,-219
1128,59,233
1129,75,207
1130,92,-211
1131,110,-224
1132,123,-222
1133,138,219
1134,155,-212
1135,170,249
1136,187,212
1137,202,-243
1138,219,227
1139,233,268
1140,249,235
1141,265,248
1142,281,213
1143,296,202
1144,311,-203
1145,326,-235
1146,343,-223
1147,358,242
1148,373,241
1149,388,202
1150,404,337
1151,418,-378
1152,433,215
1153,448,-378
1154,463,-287
1155,478,212
1156,494,-305
1157,510,-440
1158,523,233
1159,538,226
1160,553,-281
1161,568,255
1162,583,212
1163,598,-203
1164,613,-222
1165,629,-249
1166,650,371
1167,664,260
1168,683,306
1169,703,229
1170,718,-512
1171,735,316
1172,750,-512
1173,766,339
1174,781,-512
1175,781,-512
1176,816,-291
1177,830,-512
1178,847,252
1179,862,-512
1180,878,270
1181,893,-512
1182,908,303
1183,924,-288
1184,939,-512
1185,955,-312
1186,970,242
1187,986,471
1188,1001,-212
1189,1019,254
1190,1032,251
1191,1050,218
1192,1074,-299
1193,1087,-251
1194,1105,333
1195,1119,-219
1196,1137,250
1197,1154,229
1198,1168,233
1199,1184,232
1200,1197,311
1201,1215,223
1202,1228,-202
1203,1246,207
1204,1262,208
1205,1277,233
1206,1296,-215
1207,1313,-238
1208,1344,202
1209,1372,202
1210,1389,229
1211,1413,-325
1212,1437,-512
1213,1457,245
1214,1478,-512
1215,1497,-512
1216,1532,-512
1217,1564,494
1218,1594,-249
1219,1637,457
1220,1669,476
1221,1759,286
1222,1840,310
1223,1873,353
1224,1904,263
1225,60,205
1226,115,220
1227,145,-205
1228,162,204
1229,181,-221
1230,199,218
1231,217,218
1232,236,-232
1233,256,231
1234,278,206
1235,290,236
1236,314,239
1237,335,266
1238,348,218
1239,365,-271
1240,382,-232
1241,401,322
1242,418,-448
1243,437,271
1244,455,-316
1245,472,270
1246,489,410
1247,507,419
1248,524,-372
1249,541,237
1250,562,344
1251,575,-227
1252,592,-265
1253,609,340
1254,627,290
1255,646,-277
1256,662,249
1257,681,-287
1258,697,241
1259,715,-512
1260,739,-512
1261,764,-239
1262,786,-318
1263,814,-512
1264,846,-512
1265,877,-294
1266,898,-512
1267,925,-512
1268,945,-322
1269,962,-237
1270,979,380
1271,996,-253
1272,1017,210
1273,1035,231
1274,1055,253
1275,1073,-233
1276,1091,227
1277,1108,233
1278,1125,-201
1279,1144,210
1280,1165,235
1281,1185,255
1282,1197,383
1283,1220,215
1284,1242,228
1285,1256,204
1286,1273,-262
1287,1290,-221
1288,1308,-213
1289,1326,220
1290,1345,-260
1291,1362,-254
1292,1379,211
1293,1396,-289
1294,1419,-419
1295,1435,-512
1296,1452,-512
1297,1468,-512
1298,1483,-512
1299,1501,298
1300,1514,-337
1301,1529,-307
1302,1545,-276
1303,1560,-423
1304,1574,-287
1305,1590,-512
1306,1605,-512
1307,1620,297
1308,1637,236
1309,1651,-283
1310,1665,-251
1311,1680,-512
1312,1699,-512
1313,1715,243
1314,1732,347
1315,1752,-512
1316,1768,-512
1317,1784,-340
1318,1800,-512
1319,1817,-512
1320,1836,-512
1321,1850,-296
1322,1867,-512
1323,1881,391
1324,1895,284
1325,1911,-298
1326,1926,-368
1327,1942,-512
1328,4,-284
1329,20,-286
1330,36,219
1331,54,-223
1332,72,235
1333,93,209
1334,109,-234
1335,124,-207
1336,141,298
1337,161,234
1338,178,235
1339,198,-208
1340,215,212
1341,231,-301
1342,248,205
1343,267,-214
1344,282,243
1345,297,222
1346,312,257
1347,329,244
1348,345,238
1349,364,248
1350,378,227
1351,395,-251
1352,410,272
1353,437,-261
1354,465,-379
1355,482,-206
1356,502,238
1357,520,306
1358,543,363
1359,565,350
1360,585,209
1361,606,-431
1362,643,-335
1363,660,-449
1364,679,-254
1365,701,-272
1366,732,-512
1367,764,317
1368,849,-512
1369,933,-304
1370,987,203
1371,1056,-221
1372,1095,-254
1373,1140,223
1374,1173,-298
1375,1225,290
1376,1278,-222
1377,1310,214
1378,1419,471
1379,1483,-224
1380,1507,423
1381,1530,233
1382,1544,-269
1383,1561,-512
1384,1585,289
1385,1608,305
1386,1622,-512
1387,1648,-512
1388,1673,-512
1389,1701,-512
1390,1721,-317
1391,1739,-512
1392,1764,244
1393,1785,352
1394,1799,264
1395,1817,-512
1396,1847,-512
1397,1865,418
1398,1878,-512
1399,1897,399
1400,1911,-294
1401,1927,-212
1402,1942,-512
1403,5,244
1404,22,-203
1405,38,304
1406,52,205
1407,69,-255
1408,90,231
1409,105,-298
1410,121,213
1411,138,-253
1412,152,-212
1413,167,203
1414,181,-259
1415,202,231
1416,212,234
1417,228,-223
1418,246,221
1419,261,219
1420,278,247
1421,291,239
1422,306,213
1423,322,214
1424,340,201
1425,357,221
1426,377,233
1427,395,-299
1428,407,-209
1429,424,288
1430,439,-319
1431,455,292
1432,470,246
1433,485,-291
1434,500,-322
1435,515,-426
1436,531,316
1437,546,379
1438,560,-372
1439,575,-276
1440,592,-392
1441,607,-384
1442,623,-271
1443,638,-342
1444,653,-232
1445,668,278
1446,684,256
1447,700,-233
1448,714,501
1449,730,-512
1450,745,-512
1451,761,-512
1452,776,234
1453,795,363
1454,811,284
1455,828,-512
1456,849,-512
1457,864,-288
1458,878,304
1459,894,-512
1460,912,-364
1461,925,339
1462,940,-259
1463,955,272
1464,971,-251
1465,986,266
1466,1001,261
1467,1019,220
1468,1036,-249
1469,1058,227
1470,1076,-221
1471,1093,221
1472,1112,226
1473,1133,213
1474,1146,261
1475,1171,333
1476,1187,277
1477,1207,-217
1478,1226,277
1479,1243,303
1480,1260,211
1481,1279,213
1482,1296,-213
1483,1314,347
1484,1337,232
1485,1357,210
1486,1374,-378
1487,1391,-264
1488,1413,377
1489,1428,-512
1490,1461,281
1491,1486,273
1492,1509,261
1493,1568,-512
1494,1610,347
1495,1637,-289
1496,1677,-512
1497,1702,-512
1498,1728,-512
1499,1768,325
1500,1837,-353
1501,1943,-512
1502,106,226
1503,158,224
1504,198,220
1505,227,209
1506,263,235
1507,302,-223
1508,372,211
1509,462,287
1510,483,-356
1511,519,-228
1512,549,-450
1513,572,-255
1514,589,304
1515,607,286
1516,627,322
1517,645,380
1518,662,209
1519,680,311
1520,697,322
1521,714,-294
1522,731,-512
1523,756,319
1524,773,-512
1525,799,279
1526,816,320
1527,832,-442
1528,850,321
1529,863,-512
1530,879,-512
1531,895,-512
1532,910,-512
1533,927,-330
1534,942,238
1535,959,-512
1536,973,224
1537,992,-212
1538,1005,205
1539,1021,-219
1540,1037,224
1541,1052,231
1542,1077,-208
1543,1091,-205
1544,1106,-209
1545,1122,265
1546,1166,312
1547,1201,265
1548,1220,263
1549,1247,243
1550,1274,319
1551,1291,232
1552,1309,230
1553,1324,203
1554,1347,-231
1555,1362,224
1556,1377,-369
1557,1394,-262
1558,1408,-289
1559,1425,268
1560,1442,-512
1561,1457,263
1562,1471,-241
1563,1488,-512
1564,1503,-512
1565,1519,-310
1566,1536,210
1567,1550,-281
1568,1565,-253
1569,1580,-512
1570,1597,229
1571,1612,-512
1572,1629,-325
1573,1644,-512
1574,1659,-512
1575,1676,-231
1576,1691,-512
1577,1707,-512
1578,1722,-313
1579,1737,-512
1580,1752,375
1581,1767,-512
1582,1782,361
1583,1798,-336
1584,1817,-316
1585,1829,-313
1586,1844,-512
1587,1860,305
1588,1878,-512
1589,1894,-512
1590,1915,-265
1591,1931,-350
1592,1948,-512
1593,10,279
1594,27,-251
1595,41,223
1596,56,-212
1597,73,249
1598,93,218
1599,109,219
1600,124,220
1601,143,222
1602,156,-233
1603,172,-239
1604,188,295
1605,205,205
1606,219,233
1607,238,-241
1608,254,223
1609,271,257
1610,286,242
1611,301,-214
1612,320,218
1613,334,-217
1614,349,220
1615,368,201
1616,382,-256
1617,397,-253
1618,412,326
1619,428,-260
1620,444,485
1621,460,268
1622,474,412
1623,490,288
1624,505,282
1625,521,269
1626,535,317
1627,553,-249
1628,569,240
1629,593,-274
1630,611,252
1631,630,-237
1632,658,264
1633,676,-238
1634,695,257
1635,711,260
1636,735,-201
1637,802,283
1638,839,-512
1639,864,-512
1640,881,-512
1641,902,422
1642,925,-512
1643,962,-512
1644,1002,233
1645,1098,293
1646,1169,-204
1647,1198,247
1648,1259,-210
1649,1299,-232
1650,1336,-212
1651,1369,-279
1652,1417,321
1653,1470,-512
1654,1514,317
1655,1630,-512
1656,1679,225
1657,1712,450
1658,1739,300
1659,1762,-512
1660,1786,-223
1661,1809,318
1662,1827,-352
1663,1844,284
1664,1861,-512
1665,1885,-512
1666,1908,314
1667,1925,226
1668,1939,-283
1669,3,-266
1670,17,216
1671,38,209
1672,52,209
1673,68,-223
1674,89,208
1675,102,-231
1676,117,-251
1677,135,258
1678,149,-212
1679,164,-253
1680,180,225
1681,200,249
1682,213,-204
1683,229,-258
1684,243,-257
1685,261,231
1686,276,-271
1687,290,210
1688,305,221
1689,321,203
1690,337,214
1691,379,228
1692,413,313
1693,439,-210
1694,462,-369
1695,478,-241
1696,493,263
1697,510,-341
1698,524,-306
1699,538,357
1700,553,-341
1701,568,-258
1702,583,-512
1703,599,-264
1704,615,415
1705,632,-319
1706,648,-205
1707,663,-282
1708,678,295
1709,693,-290
1710,707,-512
1711,725,-299
1712,739,-512
1713,756,-512
1714,771,405
1715,786,-512
1716,802,325
1717,822,-279
1718,835,-512
1719,852,-512
1720,868,360
1721,884,-312
1722,900,332
1723,916,-512
1724,938,241
1725,954,-346
1726,972,415
1727,986,-239
1728,1001,-204
1729,1029,226
1730,1070,295
1731,1097,-258
1732,1121,235
1733,1143,242
1734,1166,-207
1735,1186,-216
1736,1204,212
1737,1223,232
1738,1236,201
1739,1253,-221
1740,1269,259
1741,1285,-226
1742,1300,261
1743,1317,212
1744,1337,-204
1745,1350,239
1746,1368,-213
1747,1381,-243
1748,1396,205
1749,1415,247
1750,1430,-512
1751,1447,-512
1752,1461,492
1753,1478,-214
1754,1496,457
1755,1521,-512
1756,1538,-272
1757,1561,-512
1758,1581,-512
1759,1603,258
1760,1619,284
1761,1638,-512
1762,1661,321
1763,1682,-512
1764,1702,347
1765,1730,-512
1766,1760,-379
1767,1782,-512
1768,1824,-512
1769,1865,221
1770,42,212
1771,121,-214
1772,156,-203
1773,200,-235
1774,234,231
1775,290,239
1776,320,205
1777,368,224
1778,403,-237
1779,436,-215
1780,474,230
1781,518,236
1782,637,256
1783,667,333
1784,702,-512
1785,749,405
1786,763,-512
1787,788,-512
1788,812,365
1789,834,-249
1790,847,-252
1791,865,-512
1792,889,-512
1793,917,298
1794,930,-325
1795,948,-512
1796,974,246
1797,988,220
1798,1003,210
1799,1022,-251
1800,1035,210
1801,1050,-244
1802,1069,219
1803,1090,207
1804,1105,203
1805,1123,201
1806,1138,254
1807,1153,-217
1808,1169,211
1809,1184,211
1810,1198,210
1811,1218,255
1812,1234,502
1813,1249,-213
1814,1265,322
1815,1279,-216
1816,1295,253
1817,1311,248
1818,1326,221
1819,1346,204
1820,1357,237
1821,1372,232
1822,1387,274
1823,1403,-217
1824,1418,250
1825,1433,-455
1826,1448,-512
1827,1464,280
1828,1485,-512
1829,1502,283
1830,1520,-389
1831,1582,-512
1832,1617,-512
1833,1645,285
1834,1661,-512
1835,1678,-436
1836,1691,204
1837,1707,-226
1838,1722,-222
1839,1737,257
1840,1752,354
1841,1768,-512
1842,1785,-512
1843,1802,290
1844,1818,-262
1845,1834,421
1846,1848,-512
1847,1864,-285
1848,1880,-512
1849,1898,207
1850,1914,263
1851,1938,-512
1852,0,296
1853,16,-205
1854,32,-298
1855,52,243
1856,70,-224
1857,89,201
1858,104,-208
1859,121,-213
1860,136,205
1861,154,216
1862,170,-256
1863,185,205
1864,201,-262
1865,220,201
1866,235,229
1867,252,-205
1868,268,240
1869,286,234
1870,302,206
1871,319,-204
1872,335,-236
1873,351,221
1874,367,229
1875,382,-270
1876,397,-231
1877,412,-245
1878,429,-326
1879,442,288
1880,460,221
1881,473,-220
1882,488,464
1883,504,287
1884,519,308
1885,535,-406
1886,559,420
1887,578,416
1888,597,-244
1889,623,-350
1890,641,-280
1891,661,262
1892,677,435
1893,697,-512
1894,718,-367
1895,736,-512
1896,759,297
1897,790,-292
1898,807,-512
1899,831,-512
1900,865,-275
1901,895,-254
1902,928,-512
1903,1053,293
1904,1126,287
1905,1204,304
1906,1257,219
1907,1295,206
1908,1324,208
1909,1360,237
1910,1395,-279
1911,1451,-310
1912,1567,-512
1913,1600,-349
1914,1639,303
1915,1667,229
1916,1684,-344
1917,1702,-215
1918,1719,355
1919,1737,-236
1920,1753,231
1921,1771,-298
1922,1788,-272
1923,1807,277
1924,1825,-512
1925,1850,-512
1926,1866,-512
1927,1883,-215
1928,1897,256
1929,1913,215
1930,1928,-331
1931,1943,228
1932,7,-258
1933,20,222
1934,38,-225
1935,54,293
1936,71,239
1937,90,241
1938,105,-297
1939,121,226
1940,150,251
1941,181,282
1942,203,243
1943,226,-215
1944,253,207
1945,270,249
1946,286,254
1947,302,222
1948,317,206
1949,332,236
1950,347,250
1951,363,216
1952,382,-231
1953,396,312
1954,412,412
1955,429,-344
1956,442,245
1957,462,229
1958,475,-219
1959,490,-263
1960,505,-202
1961,520,-361
1962,535,-348
1963,553,247
1964,566,460
1965,582,-371
1966,596,354
1967,612,-454
1968,629,449
1969,643,234
1970,659,-312
1971,674,216
1972,691,-311
1973,704,-370
1974,722,301
1975,735,1536
1976,789,-512
1977,834,1536
1978,857,-336
1979,880,-512
1980,904,291
1981,922,-201
1982,941,-207
1983,958,-273
1984,975,263
1985,989,242
1986,1004,231
1987,1025,-221
1988,1041,-217
1989,1061,219
1990,1077,240
1991,1092,212
1992,1107,-221
1993,1122,245
1994,1138,282
1995,1153,218
1996,1174,240
1997,1195,245
1998,1214,-201
1999,1229,215
